ion,NM1,NM2,NM3,NM4,NM5,NM6,De
f,426,672,1368,1826,2343,3930,-28.23744429973307
cl,204,362,796,1714,3417,3931,-15.232181362091676
br,159,310,721,1705,3528,3923,-13.250718689880799
i,133,221,629,1689,3590,3905,-11.258110227100625
li,346,549,609,1688,3626,3769,-34.73551578054069
na,260,334,426,1685,3713,3833,-24.14651738307824
k,230,294,369,1683,3752,3863,-17.596276025015772
rb,191,295,348,1681,3764,3873,-15.46156172153212
cs,165,290,333,1680,3774,3881,-13.890671864050557
