ion,NM1,NM2,NM3,NM4,NM5,NM6,De
f,375,599,1241,1768,2425,3936,-27.640762635303854
cl,205,411,846,1724,3364,3934,-15.310047754684389
br,162,354,760,1714,3525,3928,-13.266319059544356
i,134,297,675,1699,3558,3918,-11.163716877310735
li,321,540,549,1690,3632,3770,-34.73118607159919
na,219,305,454,1689,3709,3827,-24.34907527722394
k,220,306,365,1685,3747,3858,-17.661797806147874
rb,185,304,341,1683,3761,3870,-15.533312637326645
cs,163,303,326,1681,3770,3877,-13.922119257472962
